"municipio","ibge","latitude","longitude","/Emprego/Número de Vínculos Empregatícios/Ativos/Faixa Etária/de 15 a 17 anos 2010 (-)","/Emprego/Número de Vínculos Empregatícios/Ativos/Faixa Etária/de 15 a 17 anos 2011 (-)","/Emprego/Número de Vínculos Empregatícios/Ativos/Faixa Etária/de 15 a 17 anos 2012 (-)","/Emprego/Número de Vínculos Empregatícios/Ativos/Faixa Etária/de 15 a 17 anos 2013 (-)","/Emprego/Número de Vínculos Empregatícios/Ativos/Faixa Etária/de 15 a 17 anos 2014 (-)","/Emprego/Número de Vínculos Empregatícios/Ativos/Faixa Etária/de 15 a 17 anos 2015 (-)","/Emprego/Número de Vínculos Empregatícios/Ativos/Faixa Etária/de 15 a 17 anos 2016 (-)","/Emprego/Número de Vínculos Empregatícios/Ativos/Faixa Etária/de 15 a 17 anos 2017 (-)","/Emprego/Número de Vínculos Empregatícios/Ativos/Faixa Etária/de 15 a 17 anos 2018 (-)","/Emprego/Número de Vínculos Empregatícios/Ativos/Faixa Etária/de 15 a 17 anos 2019 (-)","/Emprego/Número de Vínculos Empregatícios/Ativos/Faixa Etária/de 15 a 17 anos 2020 (-)"
"Aceguá","4300034","-31.86075999999","-54.16705999999","4","6","3","6","6","5","5","6","2","6","6"
"Água Santa","4300059","-28.16720000000","-52.03099999999","15","8","10","11","12","4","13","8","14","10","11"
"Agudo","4300109","-29.6447","-53.2515","24","22","21","23","47","28","33","50","25","29","19"
"Ajuricaba","4300208","-28.23420000000","-53.77570000000","10","13","14","10","11","6","10","12","10","4","9"
"Alecrim","4300307","-27.65790000000","-54.76489999999","6","9","9","5","6","2","4","3","3","3","4"
"Alegrete","4300406","-29.79019999999","-55.79489999999","81","139","115","95","112","106","98","57","101","84","64"
"Alegria","4300455","-27.83449999999","-54.05570000000","1","4","3","3","4","2","6","2","2","2","5"
"Almirante Tamandaré do Sul","4300471","-28.10859999999","-52.91190000000","3","9","5","8","8","2","8","4","10","6","10"
"Alpestre","4300505","-27.2502","-53.03410000000","6","6","3","8","10","5","4","4","2","4","4"
"Alto Alegre","4300554","-28.77690000000","-52.98919999999","2","0","4","2","4","8","4","7","6","4","3"
"Alto Feliz","4300570","-29.3919","-51.3123","16","13","12","22","12","17","9","20","10","8","36"
"Alvorada","4300604","-29.99139999999","-51.0809","209","380","409","456","463","361","280","181","212","251","212"
"Amaral Ferrador","4300638","-30.87559999999","-52.25099999999","2","0","0","1","0","0","0","0","0","0","0"
"Ametista do Sul","4300646","-27.36070000000","-53.183","10","21","27","23","23","23","19","15","17","20","14"
"André da Rocha","4300661","-28.62829999999","-51.57970000000","2","5","5","2","3","5","5","2","7","6","6"
"Anta Gorda","4300703","-28.96979999999","-52.01019999999","55","54","36","48","43","32","27","27","29","31","26"
"Antônio Prado","4300802","-28.8565","-51.2883","69","112","151","119","114","100","93","68","83","93","42"
"Arambaré","4300851","-30.90930000000","-51.50460000000","2","2","4","3","5","0","0","0","3","5","2"
"Araricá","4300877","-29.61680000000","-50.92909999999","25","37","42","42","42","31","16","24","42","13","32"
"Aratiba","4300901","-27.3978","-52.29749999999","14","12","13","9","9","14","11","5","2","6","4"
"Arroio do Meio","4301008","-29.40139999999","-51.9557","223","226","209","234","240","197","188","132","129","155","116"
"Arroio do Padre","4301073","-31.4316","-52.41709999999","0","0","0","0","1","0","0","0","0","0","0"
"Arroio do Sal","4301057","-29.54390000000","-49.88949999999","53","58","71","64","73","63","52","48","69","61","69"
"Arroio do Tigre","4301206","-29.33480000000","-53.09660000000","10","14","23","18","36","19","10","14","9","15","11"
"Arroio dos Ratos","4301107","-30.08750000000","-51.72749999999","15","20","14","20","21","14","15","9","15","12","10"
"Arroio Grande","4301305","-32.23270000000","-53.08619999999","12","9","11","16","13","14","13","9","15","18","7"
"Arvorezinha","4301404","-28.87369999999","-52.17810000000","39","46","45","39","49","42","31","23","24","25","22"
"Augusto Pestana","4301503","-28.51729999999","-53.98830000000","14","12","8","14","16","6","6","7","6","8","7"
"Áurea","4301552","-27.6936","-52.0505","3","2","2","4","10","5","5","6","3","4","7"
"Bagé","4301602","-31.32969999999","-54.09989999999","79","123","142","178","232","208","166","158","178","162","146"
"Balneário Pinhal","4301636","-30.24190000000","-50.23360000000","21","29","32","34","41","31","24","20","14","17","32"
"Barão","4301651","-29.37250000000","-51.49490000000","71","56","52","66","69","41","27","24","21","43","24"
"Barão de Cotegipe","4301701","-27.62079999999","-52.37980000000","30","24","21","19","20","30","28","35","28","17","16"
"Barão do Triunfo","4301750","-30.38909999999","-51.73839999999","3","2","3","5","3","2","0","0","0","0","5"
"Barra do Guarita","4301859","-27.19269999999","-53.71090000000","2","1","0","1","1","0","0","0","2","0","0"
"Barra do Quaraí","4301875","-30.2029","-57.54970000000","5","2","0","5","3","13","12","14","7","4","9"
"Barra do Ribeiro","4301909","-30.29390000000","-51.30140000000","22","31","28","70","48","46","64","32","39","18","31"
"Barra do Rio Azul","4301925","-27.4068","-52.4084","0","1","0","2","0","1","0","0","0","0","0"
"Barra Funda","4301958","-27.92050000000","-53.03909999999","28","25","41","33","32","22","16","16","14","13","8"
"Barracão","4301800","-27.6739","-51.45859999999","6","11","9","10","4","3","0","2","3","0","3"
"Barros Cassal","4302006","-29.0947","-52.58359999999","1","4","6","9","7","4","5","1","6","8","5"
"Benjamin Constant do Sul","4302055","-27.50860000000","-52.59949999999","0","0","3","3","4","0","1","2","0","3","2"
"Bento Gonçalves","4302105","-29.1662","-51.51650000000","935","1.045","1.003","1.068","1.129","801","786","711","811","741","790"
"Boa Vista das Missões","4302154","-27.66710000000","-53.31020000000","2","2","2","3","6","3","5","6","4","1","2"
"Boa Vista do Buricá","4302204","-27.6693","-54.10819999999","31","24","21","27","27","20","19","18","18","11","11"
"Boa Vista do Cadeado","4302220","-28.5716","-53.81380000000","0","0","4","4","1","3","1","3","1","1","2"
"Boa Vista do Incra","4302238","-28.80920000000","-53.3874","3","2","3","3","2","1","2","2","3","1","1"
"Boa Vista do Sul","4302253","-29.35439999999","-51.66870000000","1","8","9","5","4","5","1","9","2","4","3"
"Bom Jesus","4302303","-28.66969999999","-50.42949999999","29","24","22","30","21","17","17","18","20","20","19"
"Bom Princípio","4302352","-29.48560000000","-51.35479999999","114","156","191","140","174","99","109","74","120","44","130"
"Bom Progresso","4302378","-27.53989999999","-53.87160000000","2","1","3","3","1","0","1","2","2","1","1"
"Bom Retiro do Sul","4302402","-29.60859999999","-51.94639999999","177","194","137","137","92","75","66","84","79","87","69"
"Boqueirão do Leão","4302451","-29.30460000000","-52.42840000000","8","6","2","5","6","4","4","1","2","2","3"
"Bossoroca","4302501","-28.72909999999","-54.90350000000","2","6","5","2","3","3","4","6","3","4","1"
"Bozano","4302584","-28.36746000000","-53.77223999999","0","0","1","2","1","3","2","0","0","1","1"
"Braga","4302600","-27.6173","-53.74049999999","0","2","3","2","3","2","1","1","1","3","1"
"Brochier","4302659","-29.5501","-51.59449999999","41","50","37","37","28","16","12","8","7","10","10"
"Butiá","4302709","-30.11789999999","-51.96009999999","17","21","17","24","16","20","15","11","21","40","8"
"Caçapava do Sul","4302808","-30.51439999999","-53.48270000000","11","30","31","43","49","43","44","34","38","59","49"
"Cacequi","4302907","-29.88830000000","-54.82200000000","7","3","2","5","1","6","3","12","13","13","11"
"Cachoeira do Sul","4303004","-30.03300000000","-52.89280000000","248","288","270","294","388","279","242","287","290","287","166"
"Cachoeirinha","4303103","-29.94719999999","-51.10159999999","519","670","732","813","816","711","535","482","412","420","301"
"Cacique Doble","4303202","-27.76699999999","-51.65970000000","1","2","1","0","1","1","0","1","2","2","1"
"Caibaté","4303301","-28.29050000000","-54.64540000000","7","16","14","15","15","13","12","15","18","8","12"
"Caiçara","4303400","-27.2791","-53.42569999999","2","5","7","4","4","5","1","3","1","5","2"
"Camaquã","4303509","-30.8489","-51.80429999999","92","90","81","129","153","172","108","97","109","117","93"
"Camargo","4303558","-28.58800000000","-52.20029999999","11","14","17","20","16","12","14","13","12","8","12"
"Cambará do Sul","4303608","-29.0474","-50.14650000000","12","10","5","13","21","22","29","19","9","8","11"
"Campestre da Serra","4303673","-28.7926","-51.09409999999","2","6","8","7","7","5","4","2","1","2","3"
"Campina das Missões","4303707","-27.98880000000","-54.84170000000","6","3","7","10","8","8","5","4","2","5","4"
"Campinas do Sul","4303806","-27.71740000000","-52.6248","8","18","13","13","13","15","9","9","7","8","10"
"Campo Bom","4303905","-29.67470000000","-51.06060000000","452","636","617","708","624","471","352","297","306","274","218"
"Campo Novo","4304002","-27.67920000000","-53.80519999999","18","9","12","9","4","10","13","18","27","24","13"
"Campos Borges","4304101","-28.8871","-53.00079999999","1","4","6","4","10","6","7","2","7","7","7"
"Candelária","4304200","-29.66839999999","-52.78949999999","51","67","76","74","81","69","57","82","59","63","67"
"Cândido Godói","4304309","-27.95149999999","-54.7517","12","11","8","11","12","5","7","5","6","7","11"
"Candiota","4304358","-31.55150000000","-53.67730000000","18","18","8","29","7","31","20","7","10","3","4"
"Canela","4304408","-29.35600000000","-50.81190000000","166","179","229","242","265","237","180","191","163","163","123"
"Canguçu","4304507","-31.39600000000","-52.67819999999","18","27","38","30","42","25","28","25","17","25","31"
"Canoas","4304606","-29.91280000000","-51.18569999999","1.229","1.542","1.482","1.680","1.807","1.409","1.189","960","983","901","718"
"Canudos do Vale","4304614","-29.3187","-52.23449999999","1","2","1","0","2","0","1","0","2","0","0"
"Capão Bonito do Sul","4304622","-29.76419999999","-50.02819999999","1","0","1","2","1","0","0","3","4","2","2"
"Capão da Canoa","4304630","-29.63970000000","-49.95989999999","407","449","415","474","479","357","313","280","249","234","268"
"Capão do Cipó","4304655","-28.904","-54.70000000000","2","2","2","0","2","1","1","2","1","1","1"
"Capão do Leão","4304663","-31.75649999999","-52.48890000000","14","20","16","24","19","15","18","24","18","21","10"
"Capela de Santana","4304689","-29.69610000000","-51.32800000000","25","34","25","37","29","17","8","8","11","10","23"
"Capitão","4304697","-29.26739999999","-51.98530000000","37","34","30","26","22","25","27","16","20","12","11"
"Capivari do Sul","4304671","-30.13820000000","-50.51509999999","20","19","15","16","23","19","12","13","16","5","4"
"Caraá","4304713","-29.78689999999","-50.43160000000","40","48","29","16","25","13","19","15","12","14","16"
"Carazinho","4304705","-28.2958","-52.79330000000","222","306","270","439","404","260","268","238","210","206","202"
"Carlos Barbosa","4304804","-29.29690000000","-51.50289999999","257","298","332","364","383","363","273","324","357","267","233"
"Carlos Gomes","4304853","-27.71669999999","-51.91210000000","0","0","0","0","0","0","0","0","0","0","0"
"Casca","4304903","-28.56050000000","-51.98149999999","52","61","50","71","70","53","42","46","48","54","66"
"Caseiros","4304952","-28.25819999999","-51.68610000000","3","5","2","3","1","4","3","1","1","1","4"
"Catuípe","4305009","-28.25540000000","-54.01319999999","12","13","10","18","13","10","8","7","10","10","12"
"Caxias do Sul","4305108","-29.1629","-51.17920000000","3697","3951","3827","3515","3667","2558","2312","2155","2103","2295","2290"
"Centenário","4305116","-27.76160000000","-51.99839999999","2","3","1","1","3","5","4","2","1","3","1"
"Cerrito","4305124","-31.84189999999","-52.80040000000","3","3","5","5","2","1","0","0","2","0","0"
"Cerro Branco","4305132","-29.657","-52.94060000000","2","3","1","4","1","3","0","0","0","2","3"
"Cerro Grande","4305157","-27.61060000000","-53.16720000000","2","2","2","0","0","1","1","2","1","0","0"
"Cerro Grande do Sul","4305173","-30.59049999999","-51.74179999999","13","9","13","18","24","22","12","8","9","12","14"
"Cerro Largo","4305207","-28.1462","-54.74280000000","79","59","101","59","78","46","46","46","37","36","32"
"Chapada","4305306","-28.05590000000","-53.06649999999","38","24","34","50","44","55","32","20","38","43","29"
"Charqueadas","4305355","-29.96250000000","-51.62890000000","49","102","76","70","70","63","37","40","27","39","26"
"Charrua","4305371","-27.94930000000","-52.01500000000","2","2","3","2","0","1","0","1","1","1","2"
"Chiapetta","4305405","-27.92299999999","-53.94189999999","2","1","1","0","3","1","3","3","3","2","4"
"Chuí","4305439","-33.68659999999","-53.45940000000","6","8","5","11","14","14","20","17","18","20","17"
"Chuvisca","4305447","-30.75039999999","-51.97370000000","0","0","0","0","2","1","1","0","0","1","4"
"Cidreira","4305454","-30.16039999999","-50.23380000000","53","65","51","78","87","61","30","46","45","30","16"
"Ciríaco","4305504","-28.34189999999","-51.87409999999","11","11","14","14","12","10","11","14","5","9","12"
"Colinas","4305587","-29.38149999999","-51.85260000000","6","9","14","16","6","2","10","4","1","3","3"
"Colorado","4305603","-28.5258","-52.99280000000","3","6","8","8","9","4","6","5","4","5","5"
"Condor","4305702","-28.2075","-53.49049999999","24","30","22","34","29","31","20","22","25","27","29"
"Constantina","4305801","-27.73199999999","-52.9938","41","34","29","29","34","30","38","35","26","26","21"
"Coqueiro Baixo","4305835","-29.1722","-52.0989","0","2","1","0","0","1","0","2","2","1","0"
"Coqueiros do Sul","4305850","-28.11939999999","-52.78419999999","2","4","9","5","2","0","4","4","4","2","4"
"Coronel Barros","4305871","-28.39219999999","-54.06860000000","1","2","5","4","3","2","1","2","1","0","1"
"Coronel Bicaco","4305900","-27.7197","-53.70219999999","2","6","4","2","4","2","5","4","0","7","1"
"Coronel Pilar","4305934","-29.2684","-51.68789999999","0","0","0","1","0","0","0","1","0","0","0"
"Cotiporã","4305959","-28.98910000000","-51.69709999999","9","10","12","18","20","9","9","9","7","5","11"
"Coxilha","4305975","-28.128","-52.30230000000","3","2","4","5","2","2","1","1","0","1","4"
"Crissiumal","4306007","-27.4999","-54.09940000000","74","67","61","54","49","54","26","18","17","14","14"
"Cristal","4306056","-31.0046","-52.04359999999","5","6","15","12","6","12","9","12","13","22","12"
"Cristal do Sul","4306072","-27.45200000000","-53.24219999999","1","0","2","2","1","2","1","1","0","0","0"
"Cruz Alta","4306106","-28.645","-53.60479999999","185","196","222","228","267","192","232","185","190","168","173"
"Cruzaltense","4306130","-27.66440000000","-52.6492","0","0","0","0","0","0","0","0","0","0","0"
"Cruzeiro do Sul","4306205","-29.51480000000","-51.99280000000","72","79","77","89","104","99","72","47","51","51","53"
"David Canabarro","4306304","-28.38489999999","-51.84819999999","14","20","16","10","9","9","13","5","5","10","10"
"Derrubadas","4306320","-27.26419999999","-53.8645","1","1","1","0","1","5","3","1","1","2","2"
"Dezesseis de Novembro","4306353","-28.21900000000","-55.06170000000","2","0","0","0","0","0","0","1","1","1","0"
"Dilermando de Aguiar","4306379","-29.70540000000","-54.21220000000","1","0","2","1","0","0","0","0","1","0","0"
"Dois Irmãos","4306403","-29.58360000000","-51.08979999999","417","416","369","443","435","474","286","295","269","274","169"
"Dois Irmãos das Missões","4306429","-27.66209999999","-53.5304","5","1","1","3","2","1","1","2","4","3","0"
"Dois Lajeados","4306452","-28.98300000000","-51.83959999999","8","12","5","15","11","9","11","9","7","12","10"
"Dom Feliciano","4306502","-30.70039999999","-52.10260000000","2","5","3","3","7","6","5","2","6","8","4"
"Dom Pedrito","4306601","-30.9756","-54.66940000000","38","61","68","67","65","56","51","32","45","50","44"
"Dom Pedro de Alcântara","4306551","-29.36390000000","-49.85300000000","3","2","3","6","4","7","2","1","0","1","2"
"Dona Francisca","4306700","-29.61949999999","-53.36169999999","0","1","0","1","5","4","3","1","5","3","1"
"Doutor Maurício Cardoso","4306734","-27.51030000000","-54.35779999999","8","9","12","15","12","8","4","6","7","10","8"
"Doutor Ricardo","4306759","-29.084","-51.99710000000","19","12","13","23","21","15","17","8","11","12","4"
"Eldorado do Sul","4306767","-30.08470000000","-51.61869999999","77","61","90","107","154","127","113","84","77","95","59"
"Encantado","4306809","-29.23509999999","-51.8703","176","248","215","240","237","201","173","154","135","172","146"
"Encruzilhada do Sul","4306908","-30.54299999999","-52.52040000000","16","19","29","33","27","27","28","18","21","14","17"
"Engenho Velho","4306924","-27.706","-52.91449999999","0","0","0","1","2","0","1","1","1","1","0"
"Entre Rios do Sul","4306957","-27.52980000000","-52.73469999999","5","6","8","4","5","2","2","0","2","0","1"
"Entre-ijuís","4306932","-28.36860000000","-54.26859999999","11","16","19","16","20","15","10","13","13","8","14"
"Erebango","4306973","-27.85439999999","-52.3005","5","5","5","1","4","5","1","1","2","1","0"
"Erechim","4307005","-27.63639999999","-52.2697","728","925","946","898","923","671","625","555","557","554","580"
"Ernestina","4307054","-28.49769999999","-52.58359999999","9","16","13","4","7","7","6","6","4","1","2"
"Erval Grande","4307203","-27.39260000000","-52.57399999999","4","3","10","4","3","7","5","4","4","0","1"
"Erval Seco","4307302","-27.5443","-53.50050000000","8","9","14","10","12","8","2","6","3","4","3"
"Esmeralda","4307401","-28.0518","-51.19330000000","5","4","4","6","6","2","7","3","1","5","7"
"Esperança do Sul","4307450","-27.36029999999","-53.98910000000","1","0","1","2","4","1","1","0","0","1","0"
"Espumoso","4307500","-28.7286","-52.8461","68","46","86","100","97","81","77","47","71","74","63"
"Estação","4307559","-27.91349999999","-52.26350000000","52","45","61","56","51","30","26","25","21","21","30"
"Estância Velha","4307609","-29.65350000000","-51.1843","206","239","250","254","268","220","144","140","134","144","127"
"Esteio","4307708","-29.852","-51.18410000000","233","285","315","346","349","295","228","135","122","111","119"
"Estrela","4307807","-29.5016","-51.96050000000","231","291","282","275","289","199","171","149","129","150","139"
"Estrela Velha","4307815","-29.17129999999","-53.16389999999","0","0","4","5","5","2","9","2","5","8","7"
"Eugênio de Castro","4307831","-28.53150000000","-54.15059999999","3","2","8","2","3","3","1","2","2","2","1"
"Fagundes Varela","4307864","-28.8794","-51.7014","18","16","15","15","12","14","17","14","21","10","12"
"Farroupilha","4307906","-29.2227","-51.34190000000","703","780","710","792","720","581","493","475","473","435","375"
"Faxinal do Soturno","4308003","-29.57880000000","-53.44839999999","7","4","5","12","6","5","11","11","12","15","13"
"Faxinalzinho","4308052","-27.4238","-52.67889999999","0","1","6","5","0","1","4","1","1","0","3"
"Fazenda Vilanova","4308078","-29.5885","-51.8217","24","37","36","45","38","22","16","14","11","13","10"
"Feliz","4308102","-29.4527","-51.30319999999","101","143","102","89","100","71","72","52","56","40","69"
"Flores da Cunha","4308201","-29.02619999999","-51.1875","148","243","174","210","222","167","191","170","115","173","260"
"Floriano Peixoto","4308250","-27.8614","-52.08379999999","0","1","0","1","1","0","0","0","0","1","0"
"Fontoura Xavier","4308300","-28.9816","-52.34449999999","23","11","19","21","18","20","16","11","13","15","20"
"Formigueiro","4308409","-30.00349999999","-53.49589999999","1","4","10","10","9","6","7","8","8","6","7"
"Forquetinha","4308433","-29.37920000000","-52.09170000000","7","18","16","11","7","10","8","6","0","6","5"
"Fortaleza dos Valos","4308458","-28.7986","-53.22489999999","1","6","5","7","9","10","3","4","4","5","5"
"Frederico Westphalen","4308508","-27.35859999999","-53.39580000000","162","151","190","182","196","179","151","156","147","131","134"
"Garibaldi","4308607","-29.259","-51.53520000000","262","306","307","395","365","353","274","210","266","253","259"
"Garruchos","4308656","-28.19440000000","-55.63830000000","0","1","2","1","0","1","1","2","1","1","2"
"Gaurama","4308706","-27.58559999999","-52.09150000000","6","12","17","9","16","18","11","14","10","8","15"
"General Câmara","4308805","-29.90319999999","-51.76120000000","2","4","4","5","16","14","3","5","1","2","1"
"Gentil","4308854","-28.4316","-52.03370000000","7","10","13","18","10","6","6","2","5","2","0"
"Getúlio Vargas","4308904","-27.89110000000","-52.22939999999","64","79","87","109","122","94","77","54","54","64","65"
"Giruá","4309001","-28.02969999999","-54.35170000000","57","45","48","65","54","49","50","44","18","30","36"
"Glorinha","4309050","-29.87979999999","-50.77340000000","37","50","37","41","27","47","16","8","29","14","5"
"Gramado","4309100","-29.3733","-50.87619999999","417","456","526","483","519","442","371","279","301","349","305"
"Gramado dos Loureiros","4309126","-27.44290000000","-52.91490000000","0","0","0","4","2","2","2","3","0","1","2"
"Gramado Xavier","4309159","-29.27060000000","-52.57950000000","2","0","0","2","0","1","0","0","0","0","0"
"Gravataí","4309209","-29.94129999999","-50.98689999999","752","1.056","970","1.246","1.201","982","775","661","653","628","459"
"Guabiju","4309258","-28.54210000000","-51.69480000000","8","11","14","9","4","3","5","3","3","4","3"
"Guaíba","4309308","-30.10859999999","-51.32330000000","141","186","229","236","296","215","177","159","154","158","147"
"Guaporé","4309407","-28.8399","-51.88949999999","351","368","355","351","338","290","254","233","198","218","150"
"Guarani das Missões","4309506","-28.14910000000","-54.56289999999","14","19","17","17","10","15","6","6","1","4","8"
"Harmonia","4309555","-29.5456","-51.41850000000","47","36","28","49","37","45","33","11","33","36","29"
"Herval","4307104","-32.02400000000","-53.39439999999","2","0","0","2","1","2","0","1","1","0","2"
"Herveiras","4309571","-29.45520000000","-52.65529999999","0","0","2","1","0","0","0","0","0","1","1"
"Horizontina","4309605","-27.6282","-54.30530000000","101","75","83","90","83","51","56","59","19","19","21"
"Hulha Negra","4309654","-31.40670000000","-53.86670000000","3","5","17","32","40","27","49","28","27","26","8"
"Humaitá","4309704","-27.56909999999","-53.96949999999","15","13","9","10","12","11","6","3","6","5","3"
"Ibarama","4309753","-29.42030000000","-53.1295","1","2","3","0","5","1","1","1","0","1","2"
"Ibiaçá","4309803","-28.0566","-51.85990000000","12","13","15","19","20","19","6","7","11","9","11"
"Ibiraiaras","4309902","-28.37409999999","-51.63770000000","20","15","19","28","26","18","28","17","20","15","21"
"Ibirapuitã","4309951","-28.62470000000","-52.51579999999","5","6","3","6","4","4","6","3","4","3","2"
"Ibirubá","4310009","-28.63019999999","-53.0961","104","125","183","172","162","148","108","111","76","124","60"
"Igrejinha","4310108","-29.56929999999","-50.79189999999","386","460","495","427","400","267","237","205","278","129","153"
"Ijuí","4310207","-28.38810000000","-53.92000000000","221","270","263","271","362","243","250","230","215","213","175"
"Ilópolis","4310306","-28.9282","-52.12579999999","20","11","12","22","22","17","11","5","5","3","9"
"Imbé","4310330","-29.97530000000","-50.12810000000","111","126","166","135","161","110","89","63","54","64","54"
"Imigrante","4310363","-29.3508","-51.77470000000","11","28","30","26","31","25","30","14","26","21","28"
"Independência","4310405","-27.8354","-54.18860000000","11","13","11","6","7","13","6","12","4","13","13"
"Inhacorá","4310413","-27.8752","-54.01500000000","0","4","1","3","1","1","1","1","1","0","0"
"Ipê","4310439","-28.8171","-51.28589999999","22","27","39","35","37","23","19","10","8","13","7"
"Ipiranga do Sul","4310462","-27.9404","-52.42710000000","3","2","2","2","4","1","1","1","2","2","2"
"Iraí","4310504","-27.1951","-53.25430000000","9","10","9","7","13","6","4","6","6","7","10"
"Itaara","4310538","-29.60129999999","-53.77250000000","4","9","2","3","1","5","5","7","4","1","2"
"Itacurubi","4310553","-28.7913","-55.24470000000","1","1","0","2","1","1","1","1","0","0","4"
"Itapuca","4310579","-28.77680000000","-52.1693","0","0","0","1","0","0","0","0","0","0","1"
"Itaqui","4310603","-29.131","-56.55149999999","76","79","83","76","100","54","60","52","39","50","47"
"Itati","4310652","-29.48832000000","-50.11357999999","0","1","2","3","7","2","0","5","2","2","1"
"Itatiba do Sul","4310702","-27.38459999999","-52.45380000000","5","4","0","3","7","3","4","4","3","0","1"
"Ivorá","4310751","-29.52319999999","-53.58420000000","0","1","0","0","0","0","0","0","0","0","0"
"Ivoti","4310801","-29.59949999999","-51.15330000000","128","137","136","162","155","109","79","81","124","130","128"
"Jaboticaba","4310850","-27.63469999999","-53.27620000000","0","2","3","6","2","1","1","1","2","2","1"
"Jacuizinho","4310876","-29.02199999999","-53.05369999999","0","0","0","2","0","0","0","0","0","0","0"
"Jacutinga","4310900","-27.72909999999","-52.53719999999","3","6","7","3","8","3","4","4","3","5","4"
"Jaguarão","4311007","-32.56040000000","-53.37700000000","22","25","20","25","36","38","28","31","33","37","24"
"Jaguari","4311106","-29.49360000000","-54.70300000000","4","7","7","9","17","13","12","6","4","7","5"
"Jaquirana","4311122","-28.8811","-50.36370000000","12","6","7","5","9","5","5","11","4","4","5"
"Jari","4311130","-29.29220000000","-54.22370000000","1","1","1","1","3","1","1","2","1","0","0"
"Jóia","4311155","-28.6435","-54.11410000000","3","3","1","1","4","3","6","8","4","5","8"
"Júlio de Castilhos","4311205","-29.22980000000","-53.67719999999","11","17","19","24","28","35","32","25","28","20","18"
"Lagoa Bonita do Sul","4311239","-29.48819999999","-53.01380000000","1","0","1","0","1","2","0","0","0","0","0"
"Lagoa dos Três Cantos","4311270","-28.56759999999","-52.86180000000","5","7","6","6","8","4","4","4","4","4","4"
"Lagoa Vermelha","4311304","-28.20929999999","-51.52479999999","129","163","242","247","210","176","120","114","115","114","107"
"Lagoão","4311254","-29.2348","-52.79970000000","0","0","1","0","2","1","1","3","3","0","0"
"Lajeado","4311403","-29.45909999999","-51.96439999999","644","738","745","742","893","643","560","540","513","456","572"
"Lajeado do Bugre","4311429","-27.69129999999","-53.18180000000","0","3","3","1","7","5","0","0","0","0","1"
"Lavras do Sul","4311502","-30.80709999999","-53.89309999999","1","2","3","2","4","3","3","6","3","3","0"
"Liberato Salzano","4311601","-27.60099999999","-53.07529999999","7","6","4","5","12","10","5","2","7","9","4"
"Lindolfo Collor","4311627","-29.58589999999","-51.21410000000","19","39","55","67","66","42","41","23","26","26","46"
"Linha Nova","4311643","-29.4679","-51.20029999999","14","12","5","8","6","4","2","4","7","5","4"
"Maçambará","4311718","-29.14450000000","-56.06739999999","0","2","2","3","0","2","1","0","0","0","1"
"Machadinho","4311700","-27.56670000000","-51.66680000000","2","9","8","5","5","6","9","10","10","11","9"
"Mampituba","4311734","-29.2136","-49.93110000000","0","0","1","1","1","0","2","1","0","0","0"
"Manoel Viana","4311759","-29.58589999999","-55.48409999999","3","2","6","4","7","4","7","3","2","1","3"
"Maquiné","4311775","-29.6798","-50.20790000000","3","5","4","8","8","5","10","4","3","5","6"
"Maratá","4311791","-29.5457","-51.55729999999","24","28","19","30","23","18","13","8","11","7","3"
"Marau","4311809","-28.4498","-52.19859999999","287","329","371","292","337","241","247","161","167","188","253"
"Marcelino Ramos","4311908","-27.46760000000","-51.90950000000","12","17","18","25","14","16","7","10","6","5","3"
"Mariana Pimentel","4311981","-30.35310000000","-51.58030000000","4","2","2","2","0","0","1","2","0","0","1"
"Mariano Moro","4312005","-27.3568","-52.14670000000","1","4","4","2","4","2","2","1","0","1","1"
"Marques de Souza","4312054","-29.33109999999","-52.09729999999","26","29","23","18","25","13","19","14","12","5","6"
"Mata","4312104","-29.56490000000","-54.46410000000","1","5","3","3","6","2","7","19","7","6","9"
"Mato Castelhano","4312138","-28.28000000000","-52.19319999999","3","1","3","2","9","1","5","3","1","2","2"
"Mato Leitão","4312153","-29.52850000000","-52.12780000000","96","93","61","86","86","54","41","19","35","36","16"
"Mato Queimado","4312179","-28.24750000000","-54.61919999999","0","0","0","0","1","0","0","1","0","1","2"
"Maximiliano de Almeida","4312203","-27.6325","-51.80210000000","4","7","9","7","11","12","11","4","3","8","8"
"Minas do Leão","4312252","-30.13459999999","-52.04229999999","9","10","9","9","15","11","7","4","6","6","7"
"Miraguaí","4312302","-27.497","-53.68910000000","2","4","0","2","6","4","5","3","4","1","3"
"Montauri","4312351","-28.6462","-52.07670000000","2","2","7","7","9","2","3","4","4","5","4"
"Monte Alegre dos Campos","4312377","-28.68049999999","-50.7834","7","2","1","4","2","0","1","3","3","1","1"
"Monte Belo do Sul","4312385","-29.16069999999","-51.63329999999","6","5","6","2","20","0","1","6","6","6","6"
"Montenegro","4312401","-29.68240000000","-51.4679","246","320","285","289","355","327","265","279","231","222","176"
"Mormaço","4312427","-28.6968","-52.6999","3","4","4","4","3","3","3","2","3","2","2"
"Morrinhos do Sul","4312443","-29.35780000000","-49.9328","3","4","5","3","7","1","3","5","3","8","6"
"Morro Redondo","4312450","-31.58869999999","-52.62610000000","34","64","45","41","24","7","18","4","5","18","45"
"Morro Reuter","4312476","-29.5379","-51.08109999999","62","72","76","73","65","62","30","45","31","48","44"
"Mostardas","4312500","-31.10539999999","-50.91669999999","5","14","11","11","8","7","5","8","4","11","14"
"Muçum","4312609","-29.163","-51.87140000000","47","68","66","70","54","35","35","55","37","25","48"
"Muitos Capões","4312617","-28.31319999999","-51.18359999999","5","8","6","6","6","3","2","3","6","8","5"
"Muliterno","4312625","-28.32529999999","-51.7697","9","3","4","5","3","8","8","5","3","4","2"
"Não-Me-Toque","4312658","-28.45479999999","-52.81819999999","130","176","191","260","200","184","204","150","155","159","155"
"Nicolau Vergueiro","4312674","-28.52980000000","-52.46759999999","0","3","3","2","5","3","3","1","1","4","5"
"Nonoai","4312708","-27.3689","-52.77559999999","18","32","26","29","31","35","26","19","21","24","26"
"Nova Alvorada","4312757","-28.68220000000","-52.1631","24","29","45","33","48","49","31","43","40","55","51"
"Nova Araçá","4312807","-28.65370000000","-51.74580000000","48","43","33","51","49","29","32","18","14","13","13"
"Nova Bassano","4312906","-28.72909999999","-51.7072","66","60","63","65","59","65","73","47","59","62","57"
"Nova Boa Vista","4312955","-27.99259999999","-52.97840000000","3","3","11","15","11","11","10","9","7","9","18"
"Nova Bréscia","4313003","-29.2182","-52.0319","10","10","10","10","12","5","4","2","5","7","5"
"Nova Candelária","4313011","-27.61370000000","-54.10739999999","10","11","6","14","13","15","20","21","18","23","20"
"Nova Esperança do Sul","4313037","-29.40660000000","-54.82930000000","23","37","41","29","25","17","13","8","10","6","11"
"Nova Hartz","4313060","-29.5807","-50.90509999999","442","448","350","354","324","284","326","246","93","166","204"
"Nova Pádua","4313086","-29.0275","-51.30980000000","5","3","2","5","10","4","3","2","4","1","2"
"Nova Palma","4313102","-29.471","-53.46889999999","14","15","10","14","22","13","18","8","17","20","14"
"Nova Petrópolis","4313201","-29.37409999999","-51.11350000000","178","203","186","157","146","168","164","111","128","115","100"
"Nova Prata","4313300","-28.77990000000","-51.6113","195","203","207","217","229","227","164","168","175","143","146"
"Nova Ramada","4313334","-28.06670000000","-53.69919999999","1","1","1","0","1","1","1","4","0","0","0"
"Nova Roma do Sul","4313359","-28.98819999999","-51.40950000000","14","14","12","11","22","15","11","16","11","12","12"
"Nova Santa Rita","4313375","-29.85249999999","-51.28370000000","48","76","74","93","85","110","104","88","103","104","92"
"Novo Barreiro","4313490","-27.90769999999","-53.11030000000","6","22","15","12","7","7","8","2","2","2","2"
"Novo Cabrais","4313391","-29.73379999999","-52.94890000000","1","0","3","1","3","3","0","1","1","3","2"
"Novo Hamburgo","4313409","-29.6876","-51.13280000000","1.221","1.513","1.446","1.628","1.691","1.363","1.036","848","863","722","696"
"Novo Machado","4313425","-27.57649999999","-54.50359999999","1","1","3","2","4","1","1","3","1","1","1"
"Novo Tiradentes","4313441","-27.56490000000","-53.18370000000","0","0","0","0","4","1","1","0","0","0","0"
"Novo Xingu","4313466","-27.74309999999","-53.06159999999","6","1","5","3","3","3","3","2","1","3","2"
"Osório","4313508","-29.88810000000","-50.2667","198","224","206","215","252","176","159","177","188","112","72"
"Paim Filho","4313607","-27.7075","-51.76299999999","7","1","4","7","6","3","1","1","1","2","4"
"Palmares do Sul","4313656","-30.25349999999","-50.51030000000","31","36","39","34","27","26","20","15","13","10","5"
"Palmeira das Missões","4313706","-27.90060000000","-53.31340000000","68","92","90","88","104","82","55","47","48","55","25"
"Palmitinho","4313805","-27.3596","-53.558","10","7","11","16","9","7","6","6","4","10","8"
"Panambi","4313904","-28.28330000000","-53.50229999999","258","349","328","348","348","286","223","187","155","184","155"
"Pantano Grande","4313953","-30.19010000000","-52.37290000000","22","22","17","31","36","21","22","16","20","21","19"
"Paraí","4314001","-28.59639999999","-51.7896","83","79","69","93","84","74","69","59","59","61","61"
"Paraíso do Sul","4314027","-29.67170000000","-53.14399999999","12","8","6","7","8","4","1","1","2","3","1"
"Pareci Novo","4314035","-29.63650000000","-51.39739999999","14","18","23","17","26","10","12","14","11","14","13"
"Parobé","4314050","-29.62430000000","-50.83120000000","426","538","591","576","470","368","217","176","131","137","131"
"Passa Sete","4314068","-29.45769999999","-52.95989999999","1","0","0","1","3","1","0","0","2","2","1"
"Passo do Sobrado","4314076","-29.74800000000","-52.27479999999","10","12","10","12","13","9","9","0","3","10","7"
"Passo Fundo","4314100","-28.2576","-52.40910000000","989","1.303","1.246","1.357","1.431","1.098","900","993","976","875","851"
"Paulo Bento","4314134","-27.69780000000","-52.42609999999","6","5","3","6","3","3","5","3","8","12","4"
"Paverama","4314159","-29.54850000000","-51.73389999999","40","43","65","61","54","43","49","43","34","33","26"
"Pedras Altas","4314175","-31.72169999999","-53.58379999999","1","1","1","2","1","0","0","1","1","0","0"
"Pedro Osório","4314209","-31.8642","-52.81839999999","9","11","10","3","7","4","4","2","10","9","4"
"Pejuçara","4314308","-28.4283","-53.65789999999","6","13","10","10","8","11","6","9","7","8","7"
"Pelotas","4314407","-31.76490000000","-52.3371","452","633","697","612","945","724","523","488","444","464","401"
"Picada Café","4314423","-29.44640000000","-51.13669999999","96","174","173","153","130","105","112","64","77","88","98"
"Pinhal","4314456","-27.50799999999","-53.20819999999","20","7","4","5","6","11","13","7","9","9","5"
"Pinhal da Serra","4314464","-27.86339999999","-51.17020000000","1","0","0","0","1","3","1","5","1","0","2"
"Pinhal Grande","4314472","-29.34499999999","-53.32070000000","1","2","1","1","2","2","0","0","0","1","0"
"Pinheirinho do Vale","4314498","-27.21089999999","-53.60799999999","7","11","1","9","4","1","0","4","2","4","2"
"Pinheiro Machado","4314506","-31.5794","-53.37980000000","6","12","12","9","4","5","7","6","5","1","1"
"Pinto Bandeira","4314548","-29.10","-54.45","0","0","0","1","0","3","0","3","7","9","5"
"Pirapó","4314555","-28.04390000000","-55.20009999999","2","0","0","1","2","1","1","1","0","1","1"
"Piratini","4314605","-31.44729999999","-53.09729999999","25","13","18","14","7","16","18","14","18","4","9"
"Planalto","4314704","-27.32969999999","-53.05750000000","14","17","10","10","20","22","15","13","9","10","8"
"Poço das Antas","4314753","-29.4481","-51.67190000000","17","15","23","31","30","37","22","36","27","33","39"
"Pontão","4314779","-28.05849999999","-52.67909999999","2","4","3","3","5","6","4","2","2","4","4"
"Ponte Preta","4314787","-27.6587","-52.4848","0","1","1","0","0","2","1","0","1","0","0"
"Portão","4314803","-29.70149999999","-51.24289999999","115","141","148","174","168","171","149","136","116","94","107"
"Porto Alegre","4314902","-30.032778","-51.23000000000","6.572","7.856","8.873","9.279","9.734","7.805","5.996","5.182","4.970","4.342","3.392"
"Porto Lucena","4315008","-27.8569","-55.00999999999","2","5","8","7","9","5","11","5","0","2","6"
"Porto Mauá","4315057","-27.57959999999","-54.66570000000","1","1","1","0","0","1","0","0","0","0","0"
"Porto Vera Cruz","4315073","-27.74050000000","-54.8994","1","1","0","0","0","1","0","1","0","1","0"
"Porto Xavier","4315107","-27.90820000000","-55.13790000000","30","28","24","29","31","21","20","16","15","17","13"
"Pouso Novo","4315131","-29.1738","-52.2136","3","5","1","2","1","5","2","2","0","3","2"
"Presidente Lucena","4315149","-29.51760000000","-51.1798","24","34","30","17","25","21","26","22","31","29","24"
"Progresso","4315156","-29.24419999999","-52.31969999999","15","10","7","11","10","18","10","8","11","6","2"
"Protásio Alves","4315172","-28.75720000000","-51.47570000000","11","8","9","16","11","7","5","3","5","5","3"
"Putinga","4315206","-29.0045","-52.1569","13","34","27","22","26","16","14","11","8","10","11"
"Quaraí","4315305","-30.384","-56.44830000000","18","29","30","31","32","26","28","30","41","40","35"
"Quatro Irmãos","4315313","-27.81629999999","-52.44189999999","2","3","2","2","2","1","0","1","3","1","2"
"Quevedos","4315321","-29.3504","-54.07889999999","0","1","1","0","0","0","0","0","1","2","0"
"Quinze de Novembro","4315354","-28.74650000000","-53.10110000000","8","11","5","11","15","18","7","8","5","9","12"
"Redentora","4315404","-27.66400000000","-53.64070000000","3","6","3","1","4","4","3","5","6","3","6"
"Relvado","4315453","-29.11639999999","-52.07780000000","3","6","3","5","2","2","2","2","1","3","2"
"Restinga Sêca","4315503","-29.8188","-53.38069999999","17","22","25","18","15","11","27","24","25","23","17"
"Rio dos Índios","4315552","-27.2973","-52.84170000000","0","1","0","0","0","0","1","0","0","3","2"
"Rio Grande","4315602","-32.0349","-52.10710000000","331","426","652","816","993","591","494","298","275","249","205"
"Rio Pardo","4315701","-29.988","-52.37109999999","64","71","61","92","146","101","80","70","64","64","48"
"Riozinho","4315750","-29.63899999999","-50.44879999999","82","94","91","87","91","77","85","60","39","18","21"
"Roca Sales","4315800","-29.28839999999","-51.8658","159","158","124","157","173","155","113","102","102","108","42"
"Rodeio Bonito","4315909","-27.4742","-53.1706","15","19","21","19","19","14","15","16","11","17","16"
"Rolador","4315958","-28.25767000000","-54.81864000000","0","0","1","1","0","0","0","1","0","0","0"
"Rolante","4316006","-29.6462","-50.58189999999","378","412","386","365","354","302","203","216","222","180","206"
"Ronda Alta","4316105","-27.7758","-52.80559999999","9","20","22","27","13","26","23","23","22","23","19"
"Rondinha","4316204","-27.83149999999","-52.90809999999","8","11","13","19","12","9","13","8","3","7","6"
"Roque Gonzales","4316303","-28.1297","-55.02660000000","9","6","14","8","13","12","3","6","6","5","4"
"Rosário do Sul","4316402","-30.2515","-54.9221","45","69","46","39","60","73","64","83","47","53","51"
"Sagrada Família","4316428","-27.70850000000","-53.13510000000","13","15","15","12","10","7","8","9","4","6","10"
"Saldanha Marinho","4316436","-28.39410000000","-53.09700000000","1","5","4","6","6","2","6","3","4","3","8"
"Salto do Jacuí","4316451","-29.09509999999","-53.21329999999","10","10","15","20","22","25","15","8","13","14","12"
"Salvador das Missões","4316477","-28.1233","-54.83729999999","1","2","3","8","12","9","13","13","18","22","8"
"Salvador do Sul","4316501","-29.43860000000","-51.5077","97","112","117","146","150","124","92","65","95","45","39"
"Sananduva","4316600","-27.94699999999","-51.80789999999","82","84","85","101","114","85","88","75","34","59","45"
"Santa Bárbara do Sul","4316709","-28.36530000000","-53.25099999999","18","27","28","54","44","30","24","22","22","23","14"
"Santa Cecília do Sul","4316733","-28.15370000000","-51.92960000000","1","1","1","3","2","2","1","2","2","0","0"
"Santa Clara do Sul","4316758","-29.47469999999","-52.08429999999","121","114","103","118","146","99","63","69","71","53","22"
"Santa Cruz do Sul","4316808","-29.72200000000","-52.4343","545","628","626","556","700","682","552","424","477","437","382"
"Santa Margarida do Sul","4316972","-30.32959999999","-54.08229999999","0","0","0","1","2","1","1","3","7","3","0"
"Santa Maria","4316907","-29.68680000000","-53.81499999999","433","665","607","727","805","850","694","653","622","668","550"
"Santa Maria do Herval","4316956","-29.49020000000","-50.99190000000","104","107","97","94","77","68","72","53","52","47","50"
"Santa Rosa","4317202","-27.87020000000","-54.47959999999","326","365","361","391","407","296","277","284","245","218","251"
"Santa Tereza","4317251","-29.16550000000","-51.73510000000","3","1","2","0","0","0","0","0","2","4","0"
"Santa Vitória do Palmar","4317301","-33.52499999999","-53.37169999999","22","51","38","46","47","53","23","45","38","34","36"
"Santana da Boa Vista","4317004","-30.86970000000","-53.10999999999","0","1","2","1","2","1","0","0","1","2","3"
"Santana do Livramento","4317103","-30.88769999999","-55.53150000000","127","104","139","141","149","128","108","105","99","89","87"
"Santiago","4317400","-29.18969999999","-54.86659999999","65","104","96","103","119","100","84","85","68","61","63"
"Santo Ângelo","4317509","-28.3001","-54.26680000000","223","284","255","269","284","242","220","179","136","163","159"
"Santo Antônio da Patrulha","4317608","-29.82679999999","-50.51749999999","273","307","307","298","286","241","181","148","201","177","144"
"Santo Antônio das Missões","4317707","-28.51399999999","-55.22509999999","5","16","6","13","7","11","7","8","10","8","8"
"Santo Antônio do Palma","4317558","-28.4956","-52.02669999999","10","19","17","17","10","8","3","3","0","1","4"
"Santo Antônio do Planalto","4317756","-28.40309999999","-52.69919999999","0","2","2","2","4","5","2","5","3","5","9"
"Santo Augusto","4317806","-27.85259999999","-53.7776","22","35","27","23","30","27","29","20","19","13","16"
"Santo Cristo","4317905","-27.8263","-54.66199999999","77","74","70","74","78","46","58","51","47","47","49"
"Santo Expedito do Sul","4317954","-27.90739999999","-51.64330000000","0","0","0","0","0","0","0","0","0","0","0"
"São Borja","4318002","-28.65780000000","-56.00359999999","68","82","78","80","137","105","81","82","79","75","70"
"São Domingos do Sul","4318051","-28.53119999999","-51.88600000000","28","30","37","24","14","9","7","5","8","6","5"
"São Francisco de Assis","4318101","-29.5547","-55.12530000000","5","6","8","13","9","10","10","9","8","6","7"
"São Francisco de Paula","4318200","-29.4404","-50.58279999999","101","126","69","111","130","76","79","39","30","40","47"
"São Gabriel","4318309","-30.3337","-54.3217","81","111","104","99","121","102","88","93","78","95","64"
"São Jerônimo","4318408","-29.97159999999","-51.72509999999","33","59","45","59","54","34","29","30","28","20","16"
"São João da Urtiga","4318424","-27.81950000000","-51.82569999999","12","8","9","13","8","4","2","5","7","4","6"
"São João do Polêsine","4318432","-29.61939999999","-53.44389999999","1","1","0","5","5","3","2","3","4","6","3"
"São Jorge","4318440","-28.4984","-51.70640000000","13","22","21","21","16","8","9","0","2","10","5"
"São José das Missões","4318457","-27.7789","-53.12259999999","3","3","4","8","0","0","5","4","0","3","1"
"São José do Herval","4318465","-29.052","-52.29500000000","3","8","5","7","3","5","2","2","2","1","0"
"São José do Hortêncio","4318481","-29.52799999999","-51.24500000000","36","55","65","33","44","38","23","11","15","20","9"
"São José do Inhacorá","4318499","-27.72510000000","-54.12749999999","8","6","4","3","1","4","2","1","8","5","6"
"São José do Norte","4318507","-32.01509999999","-52.03309999999","12","25","34","43","35","33","42","12","28","25","46"
"São José do Ouro","4318606","-27.77070000000","-51.59660000000","17","16","18","32","10","14","10","11","9","14","10"
"São José do Sul","4318614","-29.529","-51.48709999999","4","9","4","6","10","10","3","5","6","8","3"
"São José dos Ausentes","4318622","-28.74759999999","-50.06770000000","5","7","4","6","3","4","4","3","4","3","5"
"São Leopoldo","4318705","-29.7545","-51.14979999999","786","1.028","1.017","1.164","1.223","911","811","596","467","494","415"
"São Lourenço do Sul","4318804","-31.35640000000","-51.97149999999","49","48","42","43","55","56","55","40","38","42","51"
"São Luiz Gonzaga","4318903","-28.41199999999","-54.9559","74","94","87","76","71","66","61","40","53","43","58"
"São Marcos","4319000","-28.96770000000","-51.06960000000","147","158","207","190","182","135","96","109","121","134","114"
"São Martinho","4319109","-27.71120000000","-53.96990000000","11","23","15","23","20","13","11","19","14","17","20"
"São Martinho da Serra","4319125","-29.5397","-53.85900000000","1","0","1","1","1","2","0","0","0","0","0"
"São Miguel das Missões","4319158","-28.55600000000","-54.55590000000","3","5","15","7","9","7","7","5","6","8","9"
"São Nicolau","4319208","-28.18339999999","-55.2654","2","3","3","5","7","4","1","4","3","3","0"
"São Paulo das Missões","4319307","-28.01950000000","-54.94039999999","4","14","13","11","7","9","10","6","6","3","3"
"São Pedro da Serra","4319356","-29.4193","-51.51339999999","26","37","39","38","20","21","21","21","10","6","11"
"São Pedro das Missões","4319364","-27.77321999999","-53.25047","0","0","3","0","1","0","0","1","0","0","6"
"São Pedro do Butiá","4319372","-28.12430000000","-54.89260000000","11","8","8","10","10","7","5","3","4","2","8"
"São Pedro do Sul","4319406","-29.62020000000","-54.18549999999","14","14","9","16","11","15","18","18","14","12","11"
"São Sebastião do Caí","4319505","-29.5885","-51.37489999999","102","108","160","210","247","199","123","120","128","136","137"
"São Sepé","4319604","-30.16430000000","-53.56029999999","18","17","20","58","66","54","64","40","30","35","23"
"São Valentim","4319703","-27.55829999999","-52.52369999999","2","4","8","2","5","2","1","3","0","0","1"
"São Valentim do Sul","4319711","-29.04510000000","-51.7684","10","12","8","7","2","5","2","8","6","9","5"
"São Valério do Sul","4319737","-27.79060000000","-53.93679999999","0","0","1","1","0","0","0","0","0","2","1"
"São Vendelino","4319752","-29.37290000000","-51.3675","35","56","53","37","37","13","7","7","8","8","15"
"São Vicente do Sul","4319802","-29.68819999999","-54.68260000000","2","5","4","6","9","6","2","4","6","4","5"
"Sapiranga","4319901","-29.63489999999","-51.00650000000","702","719","852","811","731","608","468","421","373","399","306"
"Sapucaia do Sul","4320008","-29.8276","-51.14500000000","413","488","431","464","500","344","234","180","193","136","133"
"Sarandi","4320107","-27.942","-52.92309999999","309","317","269","289","281","192","153","144","104","115","127"
"Seberi","4320206","-27.48290000000","-53.4026","16","25","27","35","32","28","37","25","29","35","21"
"Sede Nova","4320230","-27.63670000000","-53.94930000000","2","6","2","6","2","1","4","2","0","0","0"
"Segredo","4320263","-29.3523","-52.97670000000","0","2","4","3","2","1","1","2","0","0","0"
"Selbach","4320305","-28.6294","-52.94980000000","12","10","17","20","12","11","18","15","16","13","11"
"Senador Salgado Filho","4320321","-28.02500000000","-54.55069999999","1","3","4","6","5","1","1","2","3","4","1"
"Sentinela do Sul","4320354","-30.61070000000","-51.58619999999","4","12","3","4","2","2","2","0","1","2","4"
"Serafina Corrêa","4320404","-28.71259999999","-51.93529999999","183","156","121","119","110","103","109","95","101","90","137"
"Sério","4320453","-29.3904","-52.26850000000","1","1","1","2","3","0","0","0","0","2","3"
"Sertão","4320503","-27.97980000000","-52.25880000000","8","6","4","6","9","5","0","3","1","2","4"
"Sertão Santana","4320552","-30.45619999999","-51.60170000000","4","4","1","5","5","3","7","10","8","14","12"
"Sete de Setembro","4320578","-28.13619999999","-54.46370000000","0","0","0","0","0","0","1","0","0","0","0"
"Severiano de Almeida","4320602","-27.43619999999","-52.12169999999","10","7","9","6","4","4","2","3","4","1","2"
"Silveira Martins","4320651","-29.64669999999","-53.59100000000","4","2","0","1","1","3","1","0","0","1","1"
"Sinimbu","4320677","-29.53569999999","-52.53050000000","3","7","12","8","10","6","4","1","4","6","2"
"Sobradinho","4320701","-29.4194","-53.03260000000","43","31","22","42","52","35","13","24","31","35","28"
"Soledade","4320800","-28.8306","-52.51310000000","86","89","119","114","113","98","63","68","67","74","75"
"Tabaí","4320859","-29.64300000000","-51.68229999999","15","14","15","9","12","9","10","11","7","9","7"
"Tapejara","4320909","-28.06520000000","-52.00970000000","234","331","241","300","252","220","207","204","192","198","214"
"Tapera","4321006","-28.62770000000","-52.86119999999","31","48","50","45","46","33","38","36","28","26","29"
"Tapes","4321105","-30.66829999999","-51.39909999999","13","29","22","19","28","18","19","13","13","4","9"
"Taquara","4321204","-29.65050000000","-50.77530000000","263","315","313","285","254","187","135","119","143","128","154"
"Taquari","4321303","-29.7943","-51.86529999999","53","96","101","117","98","62","53","41","39","53","92"
"Taquaruçu do Sul","4321329","-27.40040000000","-53.47030000000","9","4","3","6","6","4","3","4","6","6","6"
"Tavares","4321352","-31.28430000000","-51.08800000000","5","6","2","3","4","2","2","3","5","2","4"
"Tenente Portela","4321402","-27.37109999999","-53.75849999999","16","19","20","30","38","36","40","40","23","28","28"
"Terra de Areia","4321436","-29.57819999999","-50.06439999999","22","41","44","32","24","34","27","26","31","32","24"
"Teutônia","4321451","-29.4482","-51.80440000000","438","475","443","465","453","378","216","299","289","348","220"
"Tio Hugo","4321469","-28.57404","-52.59490000000","13","17","15","10","15","15","9","11","7","9","7"
"Tiradentes do Sul","4321477","-27.40220000000","-54.08140000000","3","10","7","8","7","3","4","3","3","3","3"
"Toropi","4321493","-29.47820000000","-54.22440000000","0","0","1","1","1","0","0","0","1","1","1"
"Torres","4321501","-29.33340000000","-49.7333","196","215","210","223","241","179","175","116","119","123","135"
"Tramandaí","4321600","-29.98410000000","-50.13219999999","219","260","243","275","320","209","175","160","128","139","166"
"Travesseiro","4321626","-29.29769999999","-52.05319999999","29","28","27","22","26","25","20","17","16","12","14"
"Três Arroios","4321634","-27.50029999999","-52.14479999999","5","2","2","4","4","7","2","1","2","1","2"
"Três Cachoeiras","4321667","-29.44869999999","-49.92750000000","56","55","57","57","52","58","38","46","51","33","52"
"Três Coroas","4321709","-29.5137","-50.77389999999","438","496","510","456","454","319","278","158","150","127","188"
"Três de Maio","4321808","-27.78000000000","-54.23570000000","103","104","116","122","113","81","71","92","82","75","82"
"Três Forquilhas","4321832","-29.53839999999","-50.07079999999","13","1","2","3","6","5","3","1","0","0","0"
"Três Palmeiras","4321857","-27.61390000000","-52.84369999999","7","9","14","10","11","8","10","8","6","6","4"
"Três Passos","4321907","-27.45550000000","-53.92960000000","71","84","90","90","94","53","58","48","68","51","79"
"Trindade do Sul","4321956","-27.52390000000","-52.89560000000","2","1","5","7","5","28","5","4","3","24","28"
"Triunfo","4322004","-29.92909999999","-51.70750000000","82","137","107","141","137","105","94","68","82","82","77"
"Tucunduva","4322103","-27.65729999999","-54.44389999999","12","15","12","12","14","5","11","10","7","9","8"
"Tunas","4322152","-29.10389999999","-52.95380000000","1","4","6","3","3","2","3","5","4","4","3"
"Tupanci do Sul","4322186","-27.92409999999","-51.5383","0","0","0","1","1","1","0","0","0","0","0"
"Tupanciretã","4322202","-29.08579999999","-53.84449999999","24","34","29","47","67","62","59","48","47","42","25"
"Tupandi","4322251","-29.4772","-51.41740000000","154","166","183","170","174","69","75","84","81","82","104"
"Tuparendi","4322301","-27.75979999999","-54.48140000000","15","22","7","13","11","13","14","19","7","9","9"
"Turuçu","4322327","-31.41730000000","-52.1706","0","1","0","2","2","1","0","2","1","1","1"
"Ubiretama","4322343","-28.04040000000","-54.68589999999","0","1","1","0","3","2","2","1","0","0","0"
"União da Serra","4322350","-28.78330000000","-52.02380000000","3","5","7","7","5","4","3","0","4","2","2"
"Unistalda","4322376","-29.03999999999","-55.15169999999","2","1","1","0","3","2","1","0","0","1","1"
"Uruguaiana","4322400","-29.76139999999","-57.08529999999","300","294","253","420","384","364","175","263","239","184","123"
"Vacaria","4322509","-28.50789999999","-50.94180000000","474","526","528","462","529","438","460","408","418","407","413"
"Vale do Sol","4322533","-29.59669999999","-52.68390000000","5","5","5","3","6","2","3","0","4","6","9"
"Vale Real","4322541","-29.3919","-51.25589999999","45","54","44","41","32","27","27","22","39","46","43"
"Vale Verde","4322525","-29.7864","-52.18569999999","0","3","4","8","2","2","0","1","1","1","0"
"Vanini","4322558","-28.4758","-51.84470000000","12","8","8","8","11","2","2","0","2","2","2"
"Venâncio Aires","4322608","-29.6143","-52.19319999999","285","298","300","341","294","308","221","141","181","180","211"
"Vera Cruz","4322707","-29.71839999999","-52.5152","70","54","45","38","74","51","28","33","25","32","27"
"Veranópolis","4322806","-28.9312","-51.55160000000","157","198","232","172","230","146","176","133","141","143","71"
"Vespasiano Correa","4322855","-29.0655","-51.86250000000","5","5","3","8","8","8","7","7","8","10","6"
"Viadutos","4322905","-27.5716","-52.02109999999","3","4","6","6","7","6","3","1","0","2","1"
"Viamão","4323002","-30.08190000000","-51.01939999999","354","407","470","567","528","422","312","257","233","194","165"
"Vicente Dutra","4323101","-27.16079999999","-53.40220000000","1","4","1","1","4","4","1","2","0","0","0"
"Victor Graeff","4323200","-28.56319999999","-52.74949999999","8","9","9","10","11","7","10","3","6","6","9"
"Vila Flores","4323309","-28.8598","-51.55040000000","49","42","59","45","47","37","27","26","25","34","22"
"Vila Lângaro","4323358","-28.10620000000","-52.14379999999","3","4","7","5","4","4","7","10","6","2","8"
"Vila Maria","4323408","-28.53590000000","-52.14869999999","23","24","28","24","25","17","23","19","29","25","30"
"Vila Nova do Sul","4323457","-30.3461","-53.87599999999","0","0","3","2","5","1","0","2","5","9","1"
"Vista Alegre","4323507","-27.36860000000","-53.49190000000","1","5","1","2","7","4","3","0","1","3","4"
"Vista Alegre do Prata","4323606","-28.80519999999","-51.79460000000","2","3","2","3","7","3","1","2","3","3","4"
"Vista Gaúcha","4323705","-27.29019999999","-53.69740000000","5","3","8","8","6","3","6","10","6","5","2"
"Vitória das Missões","4323754","-28.35160000000","-54.50399999999","1","0","0","0","0","3","2","1","1","1","1"
"Westfalia","4323770","-29.37440000000","-51.74629999999","17","34","38","38","48","41","27","43","33","39","46"
"Xangri-lá","4323804","-29.8065","-50.05190000000","91","86","127","124","155","106","98","70","81","81","100"
